geoid,name,B03002001,"B03002001, Error",B03002002,"B03002002, Error",B03002003,"B03002003, Error",B03002004,"B03002004, Error",B03002005,"B03002005, Error",B03002006,"B03002006, Error",B03002007,"B03002007, Error",B03002008,"B03002008, Error",B03002009,"B03002009, Error",B03002010,"B03002010, Error",B03002011,"B03002011, Error",B03002012,"B03002012, Error",B03002013,"B03002013, Error",B03002014,"B03002014, Error",B03002015,"B03002015, Error",B03002016,"B03002016, Error",B03002017,"B03002017, Error",B03002018,"B03002018, Error",B03002019,"B03002019, Error",B03002020,"B03002020, Error",B03002021,"B03002021, Error"
14000US13089020100,"Census Tract 201, DeKalb, GA",2141,149,2017,167,1934,177,36,26,0,13,20,17,0,13,0,13,27,26,0,13,27,26,124,65,102,60,0,13,0,13,6,9,0,13,5,8,11,17,0,13,11,17
14000US13089020200,"Census Tract 202, DeKalb, GA",1899,208,1806,204,1412,182,208,127,0,13,134,73,0,13,0,13,52,48,0,13,52,48,93,83,93,83,0,13,0,13,0,13,0,13,0,13,0,13,0,13,0,13
14000US13089020300,"Census Tract 203, DeKalb, GA",4283,349,4159,335,3779,318,166,98,0,13,66,43,0,13,0,13,148,89,0,13,148,89,124,87,56,50,0,13,22,37,0,13,0,13,0,13,46,53,0,13,46,53
14000US13089020400,"Census Tract 204, DeKalb, GA",2585,228,2551,228,2174,268,93,73,0,13,212,98,0,13,0,13,72,81,0,13,72,81,34,40,5,7,5,8,0,13,0,13,0,13,0,13,24,40,0,13,24,40
14000US13089020500,"Census Tract 205, DeKalb, GA",3246,354,3136,390,1251,251,1672,370,13,20,93,72,0,13,10,15,97,60,0,13,97,60,110,92,34,28,0,13,0,13,0,13,0,13,58,81,18,17,5,8,13,15
14000US13089020600,"Census Tract 206, DeKalb, GA",1927,352,1846,352,701,188,961,366,17,28,15,21,0,13,0,13,152,149,0,13,152,149,81,52,32,27,28,41,12,19,0,13,0,13,9,14,0,13,0,13,0,13
14000US13089020700,"Census Tract 207, DeKalb, GA",2351,250,2305,245,1348,181,832,257,0,13,34,26,0,13,28,45,63,43,0,13,63,43,46,30,42,29,0,13,0,13,0,13,0,13,4,7,0,13,0,13,0,13
14000US13089020801,"Census Tract 208.01, DeKalb, GA",2641,294,2620,294,1560,219,772,197,0,13,32,34,0,13,0,13,256,143,0,13,256,143,21,21,14,16,0,13,0,13,0,13,0,13,7,12,0,13,0,13,0,13
14000US13089020802,"Census Tract 208.02, DeKalb, GA",4627,478,4548,484,1666,224,2485,470,0,13,150,129,0,13,36,57,211,143,85,129,126,83,79,51,70,56,0,13,0,13,9,15,0,13,0,13,0,13,0,13,0,13
14000US13089020900,"Census Tract 209, DeKalb, GA",5791,635,5600,645,2729,352,2667,652,0,19,88,84,0,19,0,19,116,92,14,25,102,88,191,127,191,127,0,19,0,19,0,19,0,19,0,19,0,19,0,19,0,19
14000US13089021415,"Census Tract 214.15, DeKalb, GA",3773,336,3212,342,2592,341,165,103,20,35,369,92,0,13,0,13,66,49,12,20,54,45,561,208,310,180,6,9,30,49,5,7,0,13,157,145,53,51,44,50,9,10
14000US13089022401,"Census Tract 224.01, DeKalb, GA",3736,350,3559,371,2997,381,291,152,6,11,186,136,0,13,0,13,79,106,0,13,79,106,177,109,138,103,15,23,0,13,0,13,0,13,0,13,24,38,0,13,24,38
14000US13089022402,"Census Tract 224.02, DeKalb, GA",6725,603,6222,545,3066,353,1113,234,0,19,1754,301,0,19,19,27,270,91,38,46,232,96,503,166,388,132,19,26,0,19,47,69,0,19,23,25,26,29,19,27,7,11
14000US13089023601,"Census Tract 236.01, DeKalb, GA",3337,398,3323,397,1120,222,2122,358,31,42,41,48,0,13,0,13,9,15,0,13,9,15,14,14,14,14,0,13,0,13,0,13,0,13,0,13,0,13,0,13,0,13
14000US13089023700,"Census Tract 237, DeKalb, GA",6527,712,6427,713,918,265,5142,710,41,65,24,28,1,2,55,90,246,240,0,19,246,240,100,77,49,56,0,19,0,19,0,19,0,19,24,37,27,40,1,3,26,40
14000US13089980000,"Census Tract 9800, DeKalb, GA",0,13,0,13,0,13,0,13,0,13,0,13,0,13,0,13,0,13,0,13,0,13,0,13,0,13,0,13,0,13,0,13,0,13,0,13,0,13,0,13,0,13
14000US13121000100,"Census Tract 1, Fulton, GA",5373,424,5188,423,4763,468,134,114,0,19,73,46,0,19,0,19,218,200,0,19,218,200,185,109,125,88,11,16,0,19,0,19,0,19,49,60,0,19,0,19,0,19
14000US13121000200,"Census Tract 2, Fulton, GA",6291,430,5942,416,5336,387,226,115,0,19,209,126,0,19,0,19,171,126,0,19,171,126,349,159,278,155,0,19,0,19,0,19,0,19,30,37,41,48,41,48,0,19
14000US13121000400,"Census Tract 4, Fulton, GA",1910,234,1853,232,1473,238,300,197,0,13,57,51,0,13,0,13,23,25,0,13,23,25,57,38,50,38,7,15,0,13,0,13,0,13,0,13,0,13,0,13,0,13
14000US13121000500,"Census Tract 5, Fulton, GA",5317,680,4978,664,3263,647,1154,388,0,19,295,121,12,18,0,19,254,271,0,19,254,271,339,192,178,147,56,67,0,19,0,19,0,19,93,111,12,22,0,19,12,22
14000US13121000600,"Census Tract 6, Fulton, GA",7646,860,7207,853,3702,624,1269,377,0,19,1959,469,15,21,58,94,204,100,0,19,204,100,439,152,270,111,70,56,8,15,0,19,0,19,83,55,8,16,0,19,8,16
14000US13121000700,"Census Tract 7, Fulton, GA",3414,234,3204,229,830,139,2207,255,33,25,34,25,8,15,0,13,92,51,0,13,92,51,210,74,99,64,27,23,0,13,0,13,0,13,38,28,46,27,8,13,38,23
14000US13121001001,"Census Tract 10.01, Fulton, GA",2766,361,2630,321,1422,165,350,143,4,8,732,267,0,13,0,13,122,57,10,15,112,59,136,71,72,50,11,14,6,13,0,13,0,13,31,25,16,26,16,26,0,13
14000US13121001002,"Census Tract 10.02, Fulton, GA",7063,489,6505,491,3220,332,1558,236,19,26,1479,238,0,19,32,34,197,68,0,19,197,68,558,122,281,86,90,45,54,37,0,19,0,19,76,48,57,41,34,32,23,22
14000US13121001100,"Census Tract 11, Fulton, GA",4554,432,4345,434,3380,435,272,147,52,54,460,201,0,13,16,25,165,122,15,25,150,119,209,148,105,90,0,13,0,13,0,13,0,13,43,48,61,121,0,13,61,121
14000US13121001201,"Census Tract 12.01, Fulton, GA",4265,318,4096,319,3028,367,611,312,2,8,326,180,0,13,0,13,129,133,0,13,129,133,169,105,104,82,8,14,0,13,0,13,0,13,57,72,0,13,0,13,0,13
14000US13121001202,"Census Tract 12.02, Fulton, GA",4597,437,4289,400,3013,321,764,331,29,29,306,140,0,13,87,66,90,67,0,13,90,67,308,140,193,133,0,13,0,13,0,13,0,13,96,69,19,32,19,32,0,13
14000US13121001300,"Census Tract 13, Fulton, GA",4356,564,4007,562,2618,329,1077,444,0,13,202,197,0,13,30,49,80,64,0,13,80,64,349,130,264,125,5,10,0,13,15,24,0,13,22,34,43,48,0,13,43,48
14000US13121001400,"Census Tract 14, Fulton, GA",2514,273,2451,266,2161,295,88,91,0,13,93,44,0,13,10,16,99,66,0,13,99,66,63,32,38,24,0,13,0,13,0,13,0,13,25,28,0,13,0,13,0,13
14000US13121001500,"Census Tract 15, Fulton, GA",4649,506,4293,440,3626,376,364,231,0,13,136,99,0,13,0,13,167,113,0,13,167,113,356,364,312,362,3,7,0,13,0,13,0,13,37,61,4,7,4,7,0,13
14000US13121001600,"Census Tract 16, Fulton, GA",2172,273,2103,269,1789,258,154,88,0,13,134,96,0,13,0,13,26,26,0,13,26,26,69,39,44,34,0,13,0,13,10,16,0,13,8,13,7,11,0,13,7,11
14000US13121001700,"Census Tract 17, Fulton, GA",4414,399,4193,409,2358,385,1668,282,0,13,108,73,0,13,13,20,46,45,0,13,46,45,221,121,132,82,69,80,0,13,0,13,0,13,20,31,0,13,0,13,0,13
14000US13121001800,"Census Tract 18, Fulton, GA",4215,487,4030,493,1844,288,1845,496,0,13,261,176,0,13,0,13,80,83,0,13,80,83,185,96,74,55,38,52,0,13,0,13,0,13,63,51,10,19,0,13,10,19
14000US13121001900,"Census Tract 19, Fulton, GA",5060,523,4773,536,2148,343,1640,373,13,15,797,165,11,23,0,19,164,71,0,19,164,71,287,107,151,81,0,19,30,32,0,19,0,19,33,38,73,46,31,20,42,36
14000US13121002100,"Census Tract 21, Fulton, GA",2463,334,2384,335,680,179,1500,304,0,13,183,106,0,13,0,13,21,21,0,13,21,21,79,59,43,47,29,31,0,13,0,13,0,13,7,14,0,13,0,13,0,13
14000US13121002300,"Census Tract 23, Fulton, GA",1459,300,1456,300,109,83,1318,280,0,13,0,13,0,13,0,13,29,22,0,13,29,22,3,6,0,13,0,13,0,13,0,13,0,13,0,13,3,6,3,6,0,13
14000US13121002400,"Census Tract 24, Fulton, GA",2868,413,2845,413,118,85,2701,414,0,13,0,13,0,13,8,15,18,20,0,13,18,20,23,31,19,30,0,13,0,13,0,13,0,13,0,13,4,6,4,6,0,13
14000US13121002500,"Census Tract 25, Fulton, GA",2438,369,2375,366,127,93,2173,356,5,7,13,13,0,13,16,26,41,28,12,13,29,25,63,34,23,21,20,19,0,13,0,13,0,13,20,24,0,13,0,13,0,13
14000US13121002600,"Census Tract 26, Fulton, GA",1565,356,1542,347,14,18,1462,356,0,13,22,32,0,13,38,38,6,13,0,13,6,13,23,56,4,6,19,56,0,13,0,13,0,13,0,13,0,13,0,13,0,13
14000US13121002800,"Census Tract 28, Fulton, GA",5188,341,4826,342,1370,188,2969,347,11,22,324,118,0,19,35,42,117,70,7,9,110,69,362,96,214,67,46,41,10,22,0,19,0,19,22,17,70,49,35,29,35,33
14000US13121002900,"Census Tract 29, Fulton, GA",2518,292,2412,295,1142,210,1043,287,0,13,147,82,0,13,0,13,80,47,0,13,80,47,106,84,75,57,0,13,0,13,0,13,0,13,31,50,0,13,0,13,0,13
14000US13121003000,"Census Tract 30, Fulton, GA",3540,247,3424,246,2879,299,259,149,0,13,192,117,0,13,27,29,67,43,0,13,67,43,116,68,74,55,12,18,0,13,0,13,0,13,4,9,26,34,5,12,21,32
14000US13121003100,"Census Tract 31, Fulton, GA",2026,219,1928,216,1250,201,645,194,0,13,3,5,0,13,0,13,30,26,12,17,18,20,98,53,68,45,0,13,0,13,0,13,0,13,14,17,16,19,5,9,11,17
14000US13121003200,"Census Tract 32, Fulton, GA",2316,207,2171,223,1821,265,144,90,0,13,32,27,0,13,0,13,174,169,0,13,174,169,145,99,100,78,13,20,0,13,0,13,0,13,19,30,13,15,13,15,0,13
14000US13121003500,"Census Tract 35, Fulton, GA",2022,404,1933,378,698,165,1151,307,9,17,18,18,0,13,0,13,57,52,0,13,57,52,89,45,41,28,38,36,0,13,0,13,0,13,0,13,10,18,0,13,10,18
14000US13121003600,"Census Tract 36, Fulton, GA",1498,244,1483,252,135,58,1183,221,0,13,14,18,0,13,0,13,151,93,0,13,151,93,15,23,15,23,0,13,0,13,0,13,0,13,0,13,0,13,0,13,0,13
14000US13121003700,"Census Tract 37, Fulton, GA",148,76,148,76,0,13,148,76,0,13,0,13,0,13,0,13,0,13,0,13,0,13,0,13,0,13,0,13,0,13,0,13,0,13,0,13,0,13,0,13,0,13
14000US13121003800,"Census Tract 38, Fulton, GA",4075,570,3831,580,657,192,2828,624,0,13,270,98,0,13,16,22,60,49,0,13,60,49,244,90,155,69,36,34,22,28,0,13,0,13,8,17,23,36,0,13,23,36
14000US13121003900,"Census Tract 39, Fulton, GA",2414,404,2380,405,7,10,2373,407,0,13,0,13,0,13,0,13,0,13,0,13,0,13,34,36,0,13,0,13,0,13,0,13,0,13,34,36,0,13,0,13,0,13
14000US13121004000,"Census Tract 40, Fulton, GA",2323,318,2282,325,72,46,2178,341,0,13,19,18,0,13,5,7,8,13,0,13,8,13,41,32,0,13,22,24,0,13,0,13,0,13,19,21,0,13,0,13,0,13
14000US13121004100,"Census Tract 41, Fulton, GA",2135,359,2123,358,218,103,1859,352,0,13,0,13,0,13,0,13,46,59,0,13,46,59,12,14,5,8,7,11,0,13,0,13,0,13,0,13,0,13,0,13,0,13
14000US13121004200,"Census Tract 42, Fulton, GA",2453,320,2399,319,139,109,2260,314,0,13,0,13,0,13,0,13,0,13,0,13,0,13,54,47,29,38,25,28,0,13,0,13,0,13,0,13,0,13,0,13,0,13
14000US13121004300,"Census Tract 43, Fulton, GA",3133,352,3020,358,394,121,2384,388,0,13,169,69,0,13,0,13,73,47,4,7,69,45,113,52,65,44,23,22,0,13,0,13,0,13,25,33,0,13,0,13,0,13
14000US13121004400,"Census Tract 44, Fulton, GA",2654,695,2590,716,114,119,2279,700,0,13,0,13,0,13,0,13,197,204,0,13,197,204,64,104,64,104,0,13,0,13,0,13,0,13,0,13,0,13,0,13,0,13
14000US13121004800,"Census Tract 48, Fulton, GA",1144,207,1114,205,230,114,760,169,0,13,120,106,0,13,0,13,4,6,0,13,4,6,30,25,0,13,8,9,0,13,0,13,0,13,17,23,5,7,0,13,5,7
14000US13121004900,"Census Tract 49, Fulton, GA",2645,322,2502,311,1414,202,931,243,0,13,56,49,0,13,10,16,91,62,0,13,91,62,143,99,91,67,0,13,0,13,0,13,0,13,0,13,52,81,0,13,52,81
14000US13121005000,"Census Tract 50, Fulton, GA",2021,229,1915,225,1516,203,319,140,2,3,61,38,0,13,0,13,17,15,0,13,17,15,106,52,83,49,10,14,0,13,0,13,0,13,0,13,13,13,0,13,13,13
14000US13121005200,"Census Tract 52, Fulton, GA",5420,453,5027,446,3654,516,1134,425,19,31,179,114,0,19,0,19,41,47,0,19,41,47,393,239,246,144,0,19,7,13,0,19,0,19,140,144,0,19,0,19,0,19
14000US13121005300,"Census Tract 53, Fulton, GA",3713,309,3542,306,2410,250,977,263,0,13,11,19,0,13,8,14,136,101,0,13,136,101,171,80,119,62,0,13,0,13,17,26,11,17,0,13,24,27,24,27,0,13
14000US13121005501,"Census Tract 55.01, Fulton, GA",2349,306,2200,298,379,96,1735,283,0,13,63,35,0,13,0,13,23,21,0,13,23,21,149,89,79,58,36,57,6,10,0,13,0,13,0,13,28,32,0,13,28,32
14000US13121005502,"Census Tract 55.02, Fulton, GA",2887,371,2887,371,217,138,2670,389,0,13,0,13,0,13,0,13,0,13,0,13,0,13,0,13,0,13,0,13,0,13,0,13,0,13,0,13,0,13,0,13,0,13
14000US13121005700,"Census Tract 57, Fulton, GA",1704,249,1691,247,43,40,1605,253,0,13,6,8,0,13,0,13,37,45,8,12,29,44,13,16,5,8,8,13,0,13,0,13,0,13,0,13,0,13,0,13,0,13
14000US13121005800,"Census Tract 58, Fulton, GA",1698,278,1684,278,304,110,1287,291,0,13,49,70,0,13,0,13,44,55,0,13,44,55,14,16,0,13,0,13,0,13,0,13,0,13,0,13,14,16,0,13,14,16
14000US13121006000,"Census Tract 60, Fulton, GA",3549,464,3479,467,223,104,3178,499,0,13,37,34,0,13,0,13,41,45,0,13,41,45,70,48,41,41,10,16,9,14,0,13,0,13,10,16,0,13,0,13,0,13
14000US13121006100,"Census Tract 61, Fulton, GA",3824,534,3718,520,49,45,3620,528,0,13,0,13,0,13,0,13,49,55,0,13,49,55,106,138,97,137,9,15,0,13,0,13,0,13,0,13,0,13,0,13,0,13
14000US13121006200,"Census Tract 62, Fulton, GA",1729,202,1718,204,98,77,1603,230,12,19,0,13,0,13,0,13,5,9,0,13,5,9,11,17,11,17,0,13,0,13,0,13,0,13,0,13,0,13,0,13,0,13
14000US13121006300,"Census Tract 63, Fulton, GA",1389,223,1375,219,102,80,1204,212,0,13,15,23,0,13,0,13,54,86,0,13,54,86,14,20,0,13,0,13,0,13,0,13,0,13,7,10,7,11,7,11,0,13
14000US13121006400,"Census Tract 64, Fulton, GA",1052,163,853,167,191,110,662,178,0,13,0,13,0,13,0,13,0,13,0,13,0,13,199,131,98,91,0,13,45,70,0,13,0,13,56,53,0,13,0,13,0,13
14000US13121006500,"Census Tract 65, Fulton, GA",4279,481,4245,479,877,197,3136,424,8,12,0,13,0,13,5,9,219,159,0,13,219,159,34,47,27,45,0,13,0,13,0,13,0,13,0,13,7,13,7,13,0,13
14000US13121006601,"Census Tract 66.01, Fulton, GA",1762,230,1746,231,282,80,1413,220,0,13,23,33,0,13,0,13,28,37,0,13,28,37,16,15,12,13,4,7,0,13,0,13,0,13,0,13,0,13,0,13,0,13
14000US13121006602,"Census Tract 66.02, Fulton, GA",1195,239,1180,240,2,2,1174,240,0,13,0,13,0,13,4,5,0,13,0,13,0,13,15,22,0,13,1,2,0,13,0,13,0,13,14,22,0,13,0,13,0,13
14000US13121006700,"Census Tract 67, Fulton, GA",4031,542,3983,541,116,85,3824,563,0,13,5,9,0,13,26,47,12,17,0,13,12,17,48,43,21,33,16,23,0,13,0,13,0,13,0,13,11,16,0,13,11,16
14000US13121006801,"Census Tract 68.01, Fulton, GA",2384,254,2014,259,488,133,1382,213,0,13,0,13,0,13,9,17,135,95,18,33,117,90,370,96,167,76,29,40,57,60,0,13,0,13,90,75,27,24,27,24,0,13
14000US13121006802,"Census Tract 68.02, Fulton, GA",2272,336,2252,327,0,13,2193,330,0,13,0,13,0,13,39,63,20,22,0,13,20,22,20,22,0,13,0,13,0,13,0,13,0,13,0,13,20,22,20,22,0,13
14000US13121006900,"Census Tract 69, Fulton, GA",3535,372,3012,359,1303,169,1581,360,39,44,28,27,0,13,0,13,61,48,0,13,61,48,523,290,336,258,129,164,10,18,0,13,0,13,48,85,0,13,0,13,0,13
14000US13121007001,"Census Tract 70.01, Fulton, GA",5002,590,4738,530,102,68,4633,533,2,3,0,19,0,19,0,19,1,4,0,19,1,4,264,287,1,3,72,107,0,19,0,19,0,19,169,251,22,35,22,35,0,19
14000US13121007002,"Census Tract 70.02, Fulton, GA",2688,537,2524,541,40,52,2458,555,0,13,26,30,0,13,0,13,0,13,0,13,0,13,164,124,23,34,46,70,31,47,0,13,0,13,64,98,0,13,0,13,0,13
14000US13121007100,"Census Tract 71, Fulton, GA",2299,471,2154,482,139,82,2013,485,0,13,0,13,0,13,0,13,2,5,0,13,2,5,145,144,131,141,0,13,0,13,0,13,0,13,14,17,0,13,0,13,0,13
14000US13121007200,"Census Tract 72, Fulton, GA",2202,340,2186,340,19,26,2153,340,0,13,0,13,0,13,0,13,14,16,0,13,14,16,16,22,2,4,0,13,0,13,0,13,0,13,14,21,0,13,0,13,0,13
14000US13121007300,"Census Tract 73, Fulton, GA",7513,1009,7412,1030,218,129,6742,1082,0,19,0,19,0,19,119,199,333,260,69,118,264,223,101,102,74,89,27,43,0,19,0,19,0,19,0,19,0,19,0,19,0,19
14000US13121007400,"Census Tract 74, Fulton, GA",3540,545,2965,537,191,74,2744,536,0,13,11,16,0,13,0,13,19,20,0,13,19,20,575,367,58,94,0,13,0,13,0,13,0,13,511,361,6,12,0,13,6,12
14000US13121007500,"Census Tract 75, Fulton, GA",3412,441,3357,434,278,151,2945,441,0,13,31,38,0,13,24,40,79,71,38,42,41,41,55,63,49,62,6,11,0,13,0,13,0,13,0,13,0,13,0,13,0,13
14000US13121007602,"Census Tract 76.02, Fulton, GA",2653,295,2588,288,56,33,2527,292,0,13,0,13,0,13,0,13,5,7,0,13,5,7,65,68,0,13,30,41,0,13,0,13,0,13,35,66,0,13,0,13,0,13
14000US13121007603,"Census Tract 76.03, Fulton, GA",4735,1015,4707,1014,43,36,4605,1020,11,18,48,77,0,13,0,13,0,13,0,13,0,13,28,45,0,13,0,13,0,13,0,13,0,13,28,45,0,13,0,13,0,13
14000US13121007604,"Census Tract 76.04, Fulton, GA",2468,422,2243,355,26,31,2181,354,0,13,36,57,0,13,0,13,0,13,0,13,0,13,225,236,33,50,40,72,0,13,0,13,0,13,0,13,152,226,0,13,152,226
14000US13121007703,"Census Tract 77.03, Fulton, GA",4220,510,4220,510,89,93,4080,540,2,4,0,13,0,13,14,22,35,48,0,13,35,48,0,13,0,13,0,13,0,13,0,13,0,13,0,13,0,13,0,13,0,13
14000US13121007704,"Census Tract 77.04, Fulton, GA",6075,677,5953,625,101,71,5794,640,0,19,0,19,0,19,0,19,58,41,12,18,46,34,122,195,0,19,7,11,0,19,0,19,0,19,115,195,0,19,0,19,0,19
14000US13121007705,"Census Tract 77.05, Fulton, GA",4625,549,4625,549,77,97,4499,537,0,13,0,13,0,13,0,13,49,53,0,13,49,53,0,13,0,13,0,13,0,13,0,13,0,13,0,13,0,13,0,13,0,13
14000US13121007706,"Census Tract 77.06, Fulton, GA",9698,1135,9559,1120,180,154,9201,1111,114,75,39,64,0,19,0,19,25,42,25,42,0,19,139,159,87,109,22,39,0,19,30,47,0,19,0,19,0,19,0,19,0,19
14000US13121007802,"Census Tract 78.02, Fulton, GA",10246,933,10204,942,72,59,9911,997,25,32,0,21,0,21,15,24,181,142,0,21,181,142,42,49,0,21,42,49,0,21,0,21,0,21,0,21,0,21,0,21,0,21
14000US13121007805,"Census Tract 78.05, Fulton, GA",3381,679,3332,677,79,85,3189,664,0,13,38,50,0,13,0,13,26,35,0,13,26,35,49,46,42,44,6,12,0,13,0,13,0,13,0,13,1,2,0,13,1,2
14000US13121007806,"Census Tract 78.06, Fulton, GA",7255,820,7237,821,173,193,7045,878,0,19,19,29,0,19,0,19,0,19,0,19,0,19,18,27,18,27,0,19,0,19,0,19,0,19,0,19,0,19,0,19,0,19
14000US13121007807,"Census Tract 78.07, Fulton, GA",3368,769,3291,753,17,20,3187,757,0,13,0,13,0,13,0,13,87,126,80,125,7,11,77,86,53,82,11,18,0,13,0,13,0,13,0,13,13,22,0,13,13,22
14000US13121007808,"Census Tract 78.08, Fulton, GA",4456,487,4238,508,0,13,4238,508,0,13,0,13,0,13,0,13,0,13,0,13,0,13,218,214,0,13,29,44,0,13,0,13,0,13,189,211,0,13,0,13,0,13
14000US13121007900,"Census Tract 79, Fulton, GA",5331,492,5331,492,162,134,5157,508,12,19,0,19,0,19,0,19,0,19,0,19,0,19,0,19,0,19,0,19,0,19,0,19,0,19,0,19,0,19,0,19,0,19
14000US13121008000,"Census Tract 80, Fulton, GA",5916,779,5870,794,126,93,5684,792,0,19,0,19,0,19,0,19,60,73,0,19,60,73,46,57,0,19,46,57,0,19,0,19,0,19,0,19,0,19,0,19,0,19
14000US13121008101,"Census Tract 81.01, Fulton, GA",1530,275,1530,275,5,7,1525,277,0,13,0,13,0,13,0,13,0,13,0,13,0,13,0,13,0,13,0,13,0,13,0,13,0,13,0,13,0,13,0,13,0,13
14000US13121008102,"Census Tract 81.02, Fulton, GA",7010,716,6472,816,10,15,6381,824,0,19,66,91,0,19,0,19,15,17,0,19,15,17,538,429,221,232,0,19,0,19,0,19,0,19,317,315,0,19,0,19,0,19
14000US13121008201,"Census Tract 82.01, Fulton, GA",6281,1138,6269,1138,94,133,6137,1151,0,19,0,19,0,19,0,19,38,46,0,19,38,46,12,20,12,20,0,19,0,19,0,19,0,19,0,19,0,19,0,19,0,19
14000US13121008202,"Census Tract 82.02, Fulton, GA",2133,292,2107,294,69,53,2038,299,0,13,0,13,0,13,0,13,0,13,0,13,0,13,26,26,9,12,14,22,0,13,0,13,0,13,3,6,0,13,0,13,0,13
14000US13121008301,"Census Tract 83.01, Fulton, GA",2456,439,2452,439,39,44,2399,437,0,13,0,13,0,13,0,13,14,14,0,13,14,14,4,8,4,8,0,13,0,13,0,13,0,13,0,13,0,13,0,13,0,13
14000US13121008302,"Census Tract 83.02, Fulton, GA",1709,242,1699,238,17,14,1675,236,2,5,0,13,0,13,0,13,5,10,0,13,5,10,10,13,0,13,6,8,0,13,0,13,0,13,0,13,4,10,0,13,4,10
14000US13121008400,"Census Tract 84, Fulton, GA",2733,534,2673,554,279,173,2339,542,0,13,26,24,0,13,0,13,29,35,0,13,29,35,60,60,13,15,22,46,8,17,0,13,0,13,0,13,17,17,8,17,9,17
14000US13121008500,"Census Tract 85, Fulton, GA",2546,540,2546,540,41,48,2455,535,0,13,0,13,0,13,0,13,50,58,8,12,42,56,0,13,0,13,0,13,0,13,0,13,0,13,0,13,0,13,0,13,0,13
14000US13121008601,"Census Tract 86.01, Fulton, GA",4404,600,4366,607,51,39,4307,614,0,13,0,13,0,13,1,3,7,11,0,13,7,11,38,53,1,4,0,13,0,13,0,13,0,13,1,3,36,53,0,13,36,53
14000US13121008602,"Census Tract 86.02, Fulton, GA",1382,228,1372,228,118,62,1220,220,0,13,0,13,0,13,0,13,34,39,0,13,34,39,10,16,10,16,0,13,0,13,0,13,0,13,0,13,0,13,0,13,0,13
14000US13121008700,"Census Tract 87, Fulton, GA",5592,941,5442,927,467,169,4975,914,0,19,0,19,0,19,0,19,0,19,0,19,0,19,150,236,148,239,0,19,0,19,0,19,0,19,0,19,2,10,0,19,2,10
14000US13121008800,"Census Tract 88, Fulton, GA",5012,512,4538,442,3116,321,1008,394,0,19,46,46,0,19,122,141,246,130,0,19,246,130,474,343,330,258,52,79,0,19,0,19,0,19,92,136,0,19,0,19,0,19
14000US13121008902,"Census Tract 89.02, Fulton, GA",7307,504,6969,507,4341,468,2181,444,69,55,361,202,0,19,0,19,17,24,0,19,17,24,338,138,278,130,44,70,0,19,0,19,0,19,16,25,0,19,0,19,0,19
14000US13121008903,"Census Tract 89.03, Fulton, GA",2175,376,1279,233,426,112,742,254,0,13,83,48,0,13,0,13,28,29,0,13,28,29,896,265,400,246,4,6,0,13,0,13,0,13,478,292,14,21,0,13,14,21
14000US13121008904,"Census Tract 89.04, Fulton, GA",5064,369,4934,389,4031,411,458,169,0,19,259,166,0,19,0,19,186,118,16,24,170,121,130,112,118,109,0,19,0,19,0,19,0,19,12,21,0,19,0,19,0,19
14000US13121009000,"Census Tract 90, Fulton, GA",5300,332,5125,340,4221,392,430,199,11,19,403,210,0,19,0,19,60,47,0,19,60,47,175,110,154,108,0,19,0,19,0,19,0,19,8,12,13,20,13,20,0,19
14000US13121009101,"Census Tract 91.01, Fulton, GA",5270,573,5198,571,3642,449,770,327,0,19,448,236,0,19,17,28,321,193,0,19,321,193,72,57,30,36,0,19,0,19,13,21,0,19,29,37,0,19,0,19,0,19
14000US13121009102,"Census Tract 91.02, Fulton, GA",3369,332,3189,326,2205,309,611,219,0,13,234,143,0,13,0,13,139,100,29,45,110,87,180,121,69,60,18,29,0,13,0,13,0,13,16,28,77,96,77,96,0,13
14000US13121009200,"Census Tract 92, Fulton, GA",7323,668,5729,538,3309,310,1505,534,12,20,618,286,0,19,0,19,285,143,20,35,265,138,1594,585,1483,598,0,19,0,19,0,19,0,19,0,19,111,107,80,93,31,49
14000US13121009300,"Census Tract 93, Fulton, GA",5117,661,4569,373,4245,379,140,84,9,15,136,117,0,19,0,19,39,64,0,19,39,64,548,608,525,604,0,19,0,19,0,19,0,19,23,37,0,19,0,19,0,19
14000US13121009402,"Census Tract 94.02, Fulton, GA",5124,492,4466,453,2581,346,841,233,0,19,820,382,7,9,23,38,194,109,16,26,178,107,658,281,446,235,0,19,46,76,0,19,70,71,45,45,51,53,29,39,22,37
14000US13121009403,"Census Tract 94.03, Fulton, GA",5042,471,4499,509,2200,432,1620,372,4,7,422,255,0,19,0,19,253,156,0,19,253,156,543,350,179,168,0,19,190,226,0,19,0,19,174,263,0,19,0,19,0,19
14000US13121009404,"Census Tract 94.04, Fulton, GA",4274,421,4172,426,3038,360,641,246,27,34,428,272,0,13,0,13,38,64,0,13,38,64,102,76,76,69,13,24,0,13,0,13,0,13,13,23,0,13,0,13,0,13
14000US13121009501,"Census Tract 95.01, Fulton, GA",3617,345,3580,346,3498,346,27,30,0,13,44,42,0,13,0,13,11,16,0,13,11,16,37,37,23,28,0,13,0,13,0,13,0,13,0,13,14,22,14,22,0,13
14000US13121009502,"Census Tract 95.02, Fulton, GA",3447,457,3364,449,2495,427,554,395,0,13,233,164,8,15,0,13,74,77,0,13,74,77,83,74,65,71,0,13,0,13,0,13,0,13,13,19,5,10,0,13,5,10
14000US13121009601,"Census Tract 96.01, Fulton, GA",2640,285,2488,270,1973,260,226,103,0,13,122,79,0,13,32,39,135,87,0,13,135,87,152,86,152,86,0,13,0,13,0,13,0,13,0,13,0,13,0,13,0,13
14000US13121009602,"Census Tract 96.02, Fulton, GA",5078,440,4903,399,3810,439,689,232,0,19,202,160,0,19,13,23,189,121,0,19,189,121,175,182,65,51,110,175,0,19,0,19,0,19,0,19,0,19,0,19,0,19
14000US13121009603,"Census Tract 96.03, Fulton, GA",4655,395,4428,400,3262,363,823,275,0,13,158,105,0,13,49,78,136,107,0,13,136,107,227,148,167,132,18,27,0,13,10,17,0,13,32,46,0,13,0,13,0,13
14000US13121009700,"Census Tract 97, Fulton, GA",3874,286,3772,305,3208,351,346,223,0,13,206,126,0,13,12,17,0,13,0,13,0,13,102,83,59,38,24,39,0,13,0,13,0,13,19,31,0,13,0,13,0,13
14000US13121009801,"Census Tract 98.01, Fulton, GA",4543,452,4374,442,3958,394,281,220,0,13,126,157,0,13,0,13,9,13,0,13,9,13,169,160,115,119,54,81,0,13,0,13,0,13,0,13,0,13,0,13,0,13
14000US13121009802,"Census Tract 98.02, Fulton, GA",4461,427,4421,427,3570,399,234,111,0,13,533,274,0,13,7,11,77,77,0,13,77,77,40,40,20,22,20,32,0,13,0,13,0,13,0,13,0,13,0,13,0,13
14000US13121009900,"Census Tract 99, Fulton, GA",5280,446,5193,445,4986,455,40,47,0,19,70,84,0,19,0,19,97,90,0,19,97,90,87,119,87,119,0,19,0,19,0,19,0,19,0,19,0,19,0,19,0,19
14000US13121010001,"Census Tract 100.01, Fulton, GA",4834,479,4749,461,3538,375,620,279,0,13,507,300,0,13,0,13,84,60,0,13,84,60,85,70,56,63,0,13,0,13,0,13,0,13,29,35,0,13,0,13,0,13
14000US13121010002,"Census Tract 100.02, Fulton, GA",7768,559,7399,564,6432,542,258,195,5,11,501,170,0,19,0,19,203,133,100,121,103,82,369,194,316,199,19,30,0,19,0,19,0,19,0,19,34,55,34,55,0,19
14000US13121010114,"Census Tract 101.14, Fulton, GA",6775,552,5464,540,4236,535,880,312,0,19,205,157,0,19,0,19,143,139,15,28,128,137,1311,564,747,574,43,70,370,424,0,19,0,19,81,75,70,72,15,26,55,69
14000US13121010206,"Census Tract 102.06, Fulton, GA",5703,392,5532,394,4853,410,256,179,6,9,378,219,0,19,0,19,39,42,0,19,39,42,171,142,161,142,0,19,0,19,0,19,0,19,0,19,10,17,0,19,10,17
14000US13121010211,"Census Tract 102.11, Fulton, GA",2691,315,2641,304,2531,311,56,51,0,13,54,72,0,13,0,13,0,13,0,13,0,13,50,42,38,33,12,18,0,13,0,13,0,13,0,13,0,13,0,13,0,13
14000US13121010303,"Census Tract 103.03, Fulton, GA",10933,833,10899,829,18,26,10749,837,15,24,12,20,0,21,0,21,105,78,0,21,105,78,34,40,0,21,16,26,0,21,0,21,0,21,0,21,18,28,0,21,18,28
14000US13121010800,"Census Tract 108, Fulton, GA",6581,24,5290,581,1826,445,2588,479,0,19,192,199,0,19,305,477,379,240,0,19,379,240,1291,583,1127,625,0,19,0,19,0,19,0,19,145,232,19,43,19,43,0,19
14000US13121011800,"Census Tract 118, Fulton, GA",2148,280,2028,288,300,76,1558,268,0,13,151,90,0,13,0,13,19,16,4,7,15,15,120,64,43,41,35,41,0,13,0,13,0,13,24,22,18,20,12,18,6,9
14000US13121011900,"Census Tract 119, Fulton, GA",3334,411,3167,411,1090,238,1923,301,2,4,121,68,0,13,0,13,31,33,0,13,31,33,167,92,129,74,24,33,0,13,0,13,0,13,0,13,14,30,0,13,14,30
14000US13121012000,"Census Tract 120, Fulton, GA",3019,471,2929,465,227,140,2639,480,0,13,0,13,0,13,0,13,63,48,0,13,63,48,90,91,61,89,0,13,16,21,0,13,0,13,13,22,0,13,0,13,0,13
14000US13121980000,"Census Tract 9800, Fulton, GA",0,13,0,13,0,13,0,13,0,13,0,13,0,13,0,13,0,13,0,13,0,13,0,13,0,13,0,13,0,13,0,13,0,13,0,13,0,13,0,13,0,13
